<?xml version="1.0" encoding="UTF-8"?>

<COMPONENT> 
  <HEADER AUTHOR="Jan Lolling" COMPATIBILITY="ALL" DATA_AUTO_PROPAGATE="false" PLATEFORM="ALL" RELEASE_DATE="20180420" SERIAL="" STARTABLE="true" STATUS="TEST" VERSION="10.2"> 
    <SIGNATURE/> 
  </HEADER>  
  <FAMILIES> 
    <FAMILY>File/Spreadsheet</FAMILY> 
  </FAMILIES>  
  <DOCUMENTATION> 
    <URL/> 
  </DOCUMENTATION>  
  <CONNECTORS> 
    <CONNECTOR CTYPE="FLOW" MAX_INPUT="0" MAX_OUTPUT="0"/>  
    <CONNECTOR CTYPE="ITERATE" MAX_OUTPUT="1" MAX_INPUT="1"/>  
    <CONNECTOR CTYPE="SUBJOB_OK" MAX_INPUT="1"/>  
    <CONNECTOR CTYPE="SUBJOB_ERROR" MAX_INPUT="1"/>  
    <CONNECTOR CTYPE="COMPONENT_OK"/>  
    <CONNECTOR CTYPE="COMPONENT_ERROR"/>  
    <CONNECTOR CTYPE="RUN_IF"/> 
  </CONNECTORS>  
  <PARAMETERS> 
    <PARAMETER NAME="PROPERTY" FIELD="PROPERTY_TYPE" SHOW="true" NUM_ROW="10" REPOSITORY_VALUE="EXCEL"/>  
    <PARAMETER FIELD="CHECK" NAME="CREATE_EMPTY_WORKBOOK" NUM_ROW="10"> 
      <DEFAULT>false</DEFAULT> 
    </PARAMETER>  
    <PARAMETER FIELD="CHECK" NAME="USE_BYTEARRAY" NUM_ROW="11" SHOW_IF="CREATE_EMPTY_WORKBOOK == 'false'"> 
      <DEFAULT>false</DEFAULT> 
    </PARAMETER>  
    <PARAMETER FIELD="FILE" NAME="FILENAME" NUM_ROW="20" REQUIRED="true" REPOSITORY_VALUE="FILE_PATH" SHOW_IF="(CREATE_EMPTY_WORKBOOK == 'false') and (USE_BYTEARRAY == 'false')"> 
      <DEFAULT>"/path/to/excel_input_file"</DEFAULT> 
    </PARAMETER>  
    <PARAMETER FIELD="TEXT" NAME="BYTEARRAY" NUM_ROW="21" REQUIRED="true" REPOSITORY_VALUE="BYTE_ARRAY" SHOW_IF="(CREATE_EMPTY_WORKBOOK == 'false') and (USE_BYTEARRAY == 'true')"> 
      <DEFAULT>yourByteArrayVariable</DEFAULT> 
    </PARAMETER>  
    <PARAMETER NAME="SPREADSHEET_TYPE" FIELD="CLOSED_LIST" NUM_ROW="20" SHOW_IF="(CREATE_EMPTY_WORKBOOK == 'true')"> 
      <ITEMS DEFAULT="XLSX"> 
        <ITEM NAME="XLS" VALUE="XLS"/>  
        <ITEM NAME="XLSX" VALUE="XLSX"/> 
      </ITEMS> 
    </PARAMETER>  
    <PARAMETER NAME="CONFIGTEXT" FIELD="LABEL" COLOR="0;0;0" NUM_ROW="24"> 
      <DEFAULT>The memory saving mode currently applies only to the writing of large files, not to the reading!</DEFAULT> 
    </PARAMETER>  
    <PARAMETER FIELD="CHECK" NAME="CREATE_STREAMING_WORKBOOK" NUM_ROW="25"> 
      <DEFAULT>false</DEFAULT> 
    </PARAMETER>  
    <PARAMETER FIELD="CHECK" NAME="DIE_IF_FILE_NOT_EXISTS" NUM_ROW="30" SHOW_IF="CREATE_EMPTY_WORKBOOK == 'false'"> 
      <DEFAULT>true</DEFAULT> 
    </PARAMETER>  
    <PARAMETER FIELD="CHECK" NAME="DECRYPT_FILE" NUM_ROW="40" SHOW_IF="(CREATE_STREAMING_WORKBOOK == 'false') and (CREATE_EMPTY_WORKBOOK == 'false')"> 
      <DEFAULT>false</DEFAULT> 
    </PARAMETER>  
    <PARAMETER FIELD="TEXT" NAME="PASSWORD" NUM_ROW="40" REQUIRED="true" SHOW_IF="(DECRYPT_FILE == 'true') and (CREATE_STREAMING_WORKBOOK == 'false') and (CREATE_EMPTY_WORKBOOK == 'false')"> 
      <DEFAULT>"secret"</DEFAULT> 
    </PARAMETER>  
    <!-- 		<PARAMETER NAME="CELL_STYLES" FIELD="TABLE" NUM_ROW="50"			NB_LINES="5">			<ITEMS>				<ITEM NAME="NAME" FIELD="TEXT" />				<ITEM NAME="FONT_NAME" FIELD="TEXT" />				<ITEM NAME="FONT_HEIGHT" FIELD="TEXT" />				<ITEM NAME="FONT_DECO" FIELD="CLOSED_LIST">					<ITEMS DEFAULT="DEFAULT">						<ITEM NAME="DEFAULT" VALUE="" />						<ITEM NAME="BOLD" VALUE="b" />						<ITEM NAME="ITALIC" VALUE="i" />						<ITEM NAME="UNDERLINED" VALUE="u" />						<ITEM NAME="BOLD_ITALIC" VALUE="bi" />						<ITEM NAME="BOLD_UNDERLINED" VALUE="bu" />						<ITEM NAME="BOLD_ITALIC_UNDERLINED" VALUE="bui" />					</ITEMS>				</ITEM>				<ITEM NAME="FONT_COLOR" FIELD="CLOSED_LIST">					<ITEMS DEFAULT="DEFAULT">						<ITEM NAME="DEFAULT" VALUE=""/>						<ITEM NAME="AQUA" VALUE="49"/>						<ITEM NAME="BLACK" VALUE="8"/>						<ITEM NAME="BLUE" VALUE="12"/>						<ITEM NAME="BLUE_GREY" VALUE="54"/>						<ITEM NAME="BRIGHT_GREEN" VALUE="11"/>						<ITEM NAME="BROWN" VALUE="60"/>						<ITEM NAME="CORAL" VALUE="29"/>						<ITEM NAME="CORNFLOWER_BLUE" VALUE="24"/>						<ITEM NAME="DARK_BLUE" VALUE="18"/>						<ITEM NAME="DARK_GREEN" VALUE="58"/>						<ITEM NAME="DARK_RED" VALUE="16"/>						<ITEM NAME="DARK_TEAL" VALUE="56"/>						<ITEM NAME="DARK_YELLOW" VALUE="19"/>						<ITEM NAME="GOLD" VALUE="51"/>						<ITEM NAME="GREEN" VALUE="17"/>						<ITEM NAME="GREY_25_PERCENT" VALUE="22"/>						<ITEM NAME="GREY_40_PERCENT" VALUE="55"/>						<ITEM NAME="GREY_50_PERCENT" VALUE="23"/>						<ITEM NAME="GREY_80_PERCENT" VALUE="63"/>						<ITEM NAME="INDIGO" VALUE="62"/>						<ITEM NAME="LAVENDER" VALUE="46"/>						<ITEM NAME="LEMON_CHIFFON" VALUE="26"/>						<ITEM NAME="LIGHT_BLUE" VALUE="48"/>						<ITEM NAME="LIGHT_CORNFLOWER_BLUE" VALUE="31"/>						<ITEM NAME="LIGHT_GREEN" VALUE="42"/>						<ITEM NAME="LIGHT_ORANGE" VALUE="52"/>						<ITEM NAME="LIGHT_TURQUOISE" VALUE="27"/>						<ITEM NAME="LIGHT_YELLOW" VALUE="43"/>						<ITEM NAME="LIME" VALUE="50"/>						<ITEM NAME="OLIVE_GREEN" VALUE="59"/>						<ITEM NAME="ORANGE" VALUE="53"/>						<ITEM NAME="ORCHID" VALUE="28"/>						<ITEM NAME="PALE_BLUE" VALUE="44"/>						<ITEM NAME="PINK" VALUE="14"/>						<ITEM NAME="PLUM" VALUE="25"/>						<ITEM NAME="RED" VALUE="10"/>						<ITEM NAME="ROSE" VALUE="45"/>						<ITEM NAME="ROYAL_BLUE" VALUE="30"/>						<ITEM NAME="SEA_GREEN" VALUE="57"/>						<ITEM NAME="SKY_BLUE" VALUE="40"/>						<ITEM NAME="TAN" VALUE="47"/>						<ITEM NAME="TEAL" VALUE="21"/>						<ITEM NAME="TURQUOISE" VALUE="15"/>						<ITEM NAME="VIOLET" VALUE="20"/>						<ITEM NAME="WHITE" VALUE="9"/>						<ITEM NAME="YELLOW" VALUE="13"/>					</ITEMS>				</ITEM>				<ITEM NAME="TEXT_ALIGN" FIELD="CLOSED_LIST">					<ITEMS DEFAULT="DEFAULT">						<ITEM NAME="DEFAULT" VALUE="" />						<ITEM NAME="LEFT" VALUE="left" />						<ITEM NAME="CENTER" VALUE="center" />						<ITEM NAME="RIGHT" VALUE="right" />					</ITEMS>				</ITEM>				<ITEM NAME="CELL_COLOR" FIELD="CLOSED_LIST">					<ITEMS DEFAULT="DEFAULT">						<ITEM NAME="DEFAULT" VALUE=""/>						<ITEM NAME="AQUA" VALUE="49"/>						<ITEM NAME="BLACK" VALUE="8"/>						<ITEM NAME="BLUE" VALUE="12"/>						<ITEM NAME="BLUE_GREY" VALUE="54"/>						<ITEM NAME="BRIGHT_GREEN" VALUE="11"/>						<ITEM NAME="BROWN" VALUE="60"/>						<ITEM NAME="CORAL" VALUE="29"/>						<ITEM NAME="CORNFLOWER_BLUE" VALUE="24"/>						<ITEM NAME="DARK_BLUE" VALUE="18"/>						<ITEM NAME="DARK_GREEN" VALUE="58"/>						<ITEM NAME="DARK_RED" VALUE="16"/>						<ITEM NAME="DARK_TEAL" VALUE="56"/>						<ITEM NAME="DARK_YELLOW" VALUE="19"/>						<ITEM NAME="GOLD" VALUE="51"/>						<ITEM NAME="GREEN" VALUE="17"/>						<ITEM NAME="GREY_25_PERCENT" VALUE="22"/>						<ITEM NAME="GREY_40_PERCENT" VALUE="55"/>						<ITEM NAME="GREY_50_PERCENT" VALUE="23"/>						<ITEM NAME="GREY_80_PERCENT" VALUE="63"/>						<ITEM NAME="INDIGO" VALUE="62"/>						<ITEM NAME="LAVENDER" VALUE="46"/>						<ITEM NAME="LEMON_CHIFFON" VALUE="26"/>						<ITEM NAME="LIGHT_BLUE" VALUE="48"/>						<ITEM NAME="LIGHT_CORNFLOWER_BLUE" VALUE="31"/>						<ITEM NAME="LIGHT_GREEN" VALUE="42"/>						<ITEM NAME="LIGHT_ORANGE" VALUE="52"/>						<ITEM NAME="LIGHT_TURQUOISE" VALUE="27"/>						<ITEM NAME="LIGHT_YELLOW" VALUE="43"/>						<ITEM NAME="LIME" VALUE="50"/>						<ITEM NAME="OLIVE_GREEN" VALUE="59"/>						<ITEM NAME="ORANGE" VALUE="53"/>						<ITEM NAME="ORCHID" VALUE="28"/>						<ITEM NAME="PALE_BLUE" VALUE="44"/>						<ITEM NAME="PINK" VALUE="14"/>						<ITEM NAME="PLUM" VALUE="25"/>						<ITEM NAME="RED" VALUE="10"/>						<ITEM NAME="ROSE" VALUE="45"/>						<ITEM NAME="ROYAL_BLUE" VALUE="30"/>						<ITEM NAME="SEA_GREEN" VALUE="57"/>						<ITEM NAME="SKY_BLUE" VALUE="40"/>						<ITEM NAME="TAN" VALUE="47"/>						<ITEM NAME="TEAL" VALUE="21"/>						<ITEM NAME="TURQUOISE" VALUE="15"/>						<ITEM NAME="VIOLET" VALUE="20"/>						<ITEM NAME="WHITE" VALUE="9"/>						<ITEM NAME="YELLOW" VALUE="13"/>					</ITEMS>				</ITEM>			</ITEMS>		</PARAMETER> --> 
  </PARAMETERS>  
  <ADVANCED_PARAMETERS> 
    <PARAMETER FIELD="CHECK" NAME="REGISTER_BACKPORT_FUNCTIONS" NUM_ROW="5"> 
      <DEFAULT>false</DEFAULT> 
    </PARAMETER>  
    <PARAMETER NAME="FUNCTION_ADDONS" FIELD="TABLE" NUM_ROW="10"> 
      <ITEMS> 
        <ITEM NAME="FUNC_NAME" FIELD="TEXT"/>  
        <ITEM NAME="FUNC_CLASS" FIELD="TEXT"/> 
      </ITEMS> 
    </PARAMETER>  
    <PARAMETER NAME="RELEASE_LABEL_20180420" FIELD="LABEL" COLOR="0;0;0" NUM_ROW="900">
      <DEFAULT>Release: 10.2 build at: 20180420</DEFAULT>
    </PARAMETER>
  </ADVANCED_PARAMETERS>  
  <CODEGENERATION> 
    <IMPORTS> 
      <IMPORT NAME="jlo-talendcomp-excel" MODULE="jlo-talendcomp-excel-10.2.jar" REQUIRED="true"/>
      <IMPORT NAME="poi-ooxml" MODULE="poi-ooxml-3.17.jar" REQUIRED="true"/>
      <IMPORT NAME="poi" MODULE="poi-3.17.jar" REQUIRED="true"/>
      <IMPORT NAME="commons-codec" MODULE="commons-codec-1.10.jar" REQUIRED="true"/>
      <IMPORT NAME="commons-collections4" MODULE="commons-collections4-4.1.jar" REQUIRED="true"/>
      <IMPORT NAME="poi-ooxml-schemas" MODULE="poi-ooxml-schemas-3.17.jar" REQUIRED="true"/>
      <IMPORT NAME="xmlbeans" MODULE="xmlbeans-2.6.0.jar" REQUIRED="true"/>
      <IMPORT NAME="curvesapi" MODULE="curvesapi-1.04.jar" REQUIRED="true"/>
      <IMPORT NAME="xalan" MODULE="xalan-2.7.2.jar" REQUIRED="true"/>
      <IMPORT NAME="serializer" MODULE="serializer-2.7.2.jar" REQUIRED="true"/>
    </IMPORTS> 
  </CODEGENERATION>  
  <RETURNS> 
    <RETURN AVAILABILITY="AFTER" NAME="COUNT_SHEETS" TYPE="id_Integer"/> 
  </RETURNS>
</COMPONENT>
