<?xml version="1.0" encoding="UTF-8"?>

<COMPONENT> 
  <HEADER AUTHOR="Jan Lolling" COMPATIBILITY="ALL" DATA_AUTO_PROPAGATE="false" HAS_CONDITIONAL_OUTPUTS="false" PLATEFORM="ALL" RELEASE_DATE="20180420" SERIAL="" STARTABLE="true" STATUS="PROD" VERSION="10.2"> 
    <SIGNATURE/> 
  </HEADER>  
  <FAMILIES> 
    <FAMILY>File/Spreadsheet</FAMILY> 
  </FAMILIES>  
  <DOCUMENTATION> 
    <URL/> 
  </DOCUMENTATION>  
  <CONNECTORS> 
    <CONNECTOR CTYPE="FLOW" MAX_INPUT="1" MAX_OUTPUT="1"/>  
    <CONNECTOR CTYPE="ITERATE" MAX_INPUT="1" MAX_OUTPUT="1"/>  
    <CONNECTOR CTYPE="SUBJOB_OK" MAX_INPUT="1"/>  
    <CONNECTOR CTYPE="SUBJOB_ERROR" MAX_INPUT="1"/>  
    <CONNECTOR CTYPE="COMPONENT_OK"/>  
    <CONNECTOR CTYPE="COMPONENT_ERROR"/>  
    <CONNECTOR CTYPE="RUN_IF"/> 
  </CONNECTORS>  
  <PARAMETERS> 
    <PARAMETER NAME="WORKBOOK" FIELD="COMPONENT_LIST" FILTER="tFileExcelWorkbookOpen" NUM_ROW="2" REQUIRED="true"/>  
    <PARAMETER NAME="SCHEMA" FIELD="SCHEMA_TYPE" REQUIRED="true" NUM_ROW="10"> 
      <TABLE READONLY="true"> 
        <COLUMN NAME="CELL_NAME" TYPE="id_String" LENGTH="32" READONLY="true" CUSTOM="true"/>  
        <COLUMN NAME="CELL_VALUE" TYPE="id_Object" READONLY="true" CUSTOM="true"/>  
        <COLUMN NAME="CELL_CLASS_NAME" TYPE="id_String" LENGTH="32" READONLY="true" CUSTOM="true"/>  
        <COLUMN NAME="CELL_REF" TYPE="id_String" LENGTH="32" READONLY="true" CUSTOM="true"/>  
        <COLUMN NAME="CELL_ROW" TYPE="id_Integer" LENGTH="10" READONLY="true" CUSTOM="true"/>  
        <COLUMN NAME="CELL_COL" TYPE="id_Integer" LENGTH="10" READONLY="true" CUSTOM="true"/>  
        <COLUMN NAME="CELL_INDEX" TYPE="id_Integer" LENGTH="10" READONLY="true" CUSTOM="true"/>  
        <COLUMN NAME="SHEET_NAME" TYPE="id_String" LENGTH="32" READONLY="true" CUSTOM="true"/> 
      </TABLE> 
    </PARAMETER> 
  </PARAMETERS>  
  <ADVANCED_PARAMETERS> 
    <PARAMETER NAME="RELEASE_LABEL_20180420" FIELD="LABEL" COLOR="0;0;0" NUM_ROW="900">
      <DEFAULT>Release: 10.2 build at: 20180420</DEFAULT>
    </PARAMETER>
  </ADVANCED_PARAMETERS>  
  <CODEGENERATION> 
    <IMPORTS/> 
  </CODEGENERATION>  
  <RETURNS> 
    <RETURN AVAILABILITY="FLOW" NAME="CELL_NAME" TYPE="id_String"/>  
    <RETURN AVAILABILITY="FLOW" NAME="CELL_VALUE" TYPE="id_Object"/>  
    <RETURN AVAILABILITY="FLOW" NAME="CELL_CLASS_NAME" TYPE="id_String"/>  
    <RETURN AVAILABILITY="FLOW" NAME="CELL_REF" TYPE="id_String"/>  
    <RETURN AVAILABILITY="FLOW" NAME="CELL_ROW" TYPE="id_Integer"/>  
    <RETURN AVAILABILITY="FLOW" NAME="CELL_COL" TYPE="id_Integer"/>  
    <RETURN AVAILABILITY="FLOW" NAME="CELL_INDEX" TYPE="id_Integer"/>  
    <RETURN AVAILABILITY="FLOW" NAME="SHEET_NAME" TYPE="id_String"/>  
    <RETURN AVAILABILITY="AFTER" NAME="NB_CELLS" TYPE="id_Integer"/> 
  </RETURNS>
</COMPONENT>
