<?xml version="1.0" encoding="UTF-8"?>

<COMPONENT> 
  <HEADER AUTHOR="cimt AG" COMPATIBILITY="ALL" DATA_AUTO_PROPAGATE="true" HAS_CONDITIONAL_OUTPUTS="false" PLATEFORM="ALL" RELEASE_DATE="20180420" SERIAL="" STARTABLE="true" STATUS="PROD" VERSION="10.2"> 
    <SIGNATURE/> 
  </HEADER>  
  <FAMILIES> 
    <FAMILY>File/Spreadsheet</FAMILY> 
  </FAMILIES>  
  <DOCUMENTATION> 
    <URL/> 
  </DOCUMENTATION>  
  <CONNECTORS> 
    <CONNECTOR CTYPE="FLOW" MAX_INPUT="0" MAX_OUTPUT="1"/>  
    <CONNECTOR CTYPE="ITERATE" MAX_INPUT="1" MAX_OUTPUT="1"/>  
    <CONNECTOR CTYPE="SUBJOB_OK" MAX_INPUT="1" MAX_OUTPUT="1"/>  
    <CONNECTOR CTYPE="SUBJOB_ERROR" MAX_INPUT="1" MAX_OUTPUT="1"/>  
    <CONNECTOR CTYPE="COMPONENT_OK"/>  
    <CONNECTOR CTYPE="COMPONENT_ERROR"/>  
    <CONNECTOR CTYPE="RUN_IF"/> 
  </CONNECTORS>  
  <PARAMETERS> 
    <PARAMETER NAME="WORKBOOK" FIELD="COMPONENT_LIST" FILTER="tFileExcelWorkbookOpen" NUM_ROW="2" REQUIRED="true"/>  
    <PARAMETER NAME="SCHEMA" FIELD="SCHEMA_TYPE" REQUIRED="true" NUM_ROW="1"> 
      <TABLE READONLY="true"> 
        <COLUMN NAME="COUNT_SHEETS" TYPE="id_Integer" READONLY="true" CUSTOM="true" NULLABLE="false"/>  
        <COLUMN NAME="SHEET_INDEX" TYPE="id_Integer" READONLY="true" CUSTOM="true" KEY="true" NULLABLE="false"/>  
        <COLUMN NAME="SHEET_NAME" TYPE="id_String" READONLY="true" CUSTOM="true" LENGTH="32" NULLABLE="false"/>  
        <COLUMN NAME="SHEET_ROW_COUNT" TYPE="id_Integer" READONLY="true" CUSTOM="true" NULLABLE="false"/> 
      </TABLE> 
    </PARAMETER>  
    <PARAMETER NAME="ALL_SHEETS" FIELD="CHECK" REQUIRED="true" NUM_ROW="30"> 
      <DEFAULT>true</DEFAULT> 
    </PARAMETER>  
    <PARAMETER NAME="SHEET_FILTERS" FIELD="TABLE" REQUIRED="true" NUM_ROW="35" NB_LINES="5" SHOW_IF="ALL_SHEETS == 'false'"> 
      <ITEMS> 
        <ITEM NAME="FILTER" FIELD="TEXT"/> 
      </ITEMS> 
    </PARAMETER> 
  </PARAMETERS>  
  <ADVANCED_PARAMETERS> 
    <PARAMETER NAME="RELEASE_LABEL_20180420" FIELD="LABEL" COLOR="0;0;0" NUM_ROW="900">
      <DEFAULT>Release: 10.2 build at: 20180420</DEFAULT>
    </PARAMETER>
  </ADVANCED_PARAMETERS>  
  <CODEGENERATION> 
    <IMPORTS/> 
  </CODEGENERATION>  
  <RETURNS> 
    <RETURN AVAILABILITY="FLOW" NAME="COUNT_SHEETS" TYPE="id_Integer"/>  
    <RETURN AVAILABILITY="AFTER" NAME="NB_LINE" TYPE="id_Integer"/>  
    <RETURN AVAILABILITY="FLOW" NAME="SHEET_NAME" TYPE="id_String"/>  
    <RETURN AVAILABILITY="FLOW" NAME="SHEET_INDEX" TYPE="id_Integer"/>  
    <RETURN AVAILABILITY="FLOW" NAME="SHEET_ROW_COUNT" TYPE="id_Integer"/> 
  </RETURNS>
</COMPONENT>
